-- phpMyAdmin SQL Dump
-- version 4.6.4
-- https://www.phpmyadmin.net/
--
-- Host: 127.0.0.1
-- Generation Time: Jan 18, 2017 at 07:36 PM
-- Server version: 5.7.14
-- PHP Version: 5.6.25

SET SQL_MODE = "NO_AUTO_VALUE_ON_ZERO";
SET time_zone = "+00:00";


/*!40101 SET @OLD_CHARACTER_SET_CLIENT=@@CHARACTER_SET_CLIENT */;
/*!40101 SET @OLD_CHARACTER_SET_RESULTS=@@CHARACTER_SET_RESULTS */;
/*!40101 SET @OLD_COLLATION_CONNECTION=@@COLLATION_CONNECTION */;
/*!40101 SET NAMES utf8mb4 */;

--
-- Database: `diplomatiki`
--
CREATE DATABASE IF NOT EXISTS `diplomatiki` DEFAULT CHARACTER SET utf8 COLLATE utf8_general_ci;
USE `diplomatiki`;

-- --------------------------------------------------------

--
-- Table structure for table `chapter`
--

CREATE TABLE `chapter` (
  `section_number` int(11) NOT NULL,
  `number` int(11) NOT NULL,
  `title` varchar(80) NOT NULL,
  `text` text NOT NULL,
  `image` varchar(100) DEFAULT NULL,
  `youtube` varchar(200) DEFAULT NULL
) ENGINE=InnoDB DEFAULT CHARSET=utf8;

--
-- Dumping data for table `chapter`
--

INSERT INTO `chapter` (`section_number`, `number`, `title`, `text`, `image`, `youtube`) VALUES
(1, 1, 'Η κάθοδος των Δωριέων', 'Oι ∆ωριείς ήταν το τελευταίο ελληνικό φύλο που µετακινήθηκε προς τη νότια Ελλάδα. Είναι δύσκολο σήµερα να εξηγήσουµε τους λόγους που τους έκαναν να αναζητήσουν άλλη πατρίδα. Oι άνθρωποι ακόµη και σήµερα εγκαταλείπουν ένα χώρο, όταν κινδυνεύουν ή όταν θέλουν να ζήσουν καλύτερα.\r\nΗ πορεία προς το νότο έγινε αργά. Πολλές οµάδες άρχισαν τότε να µένουν άλλοτε προσωρινά και άλλοτε µόνιµα σε διάφορα µέρη. Κάποιοι από αυτούς φαίνεται ότι παρέµειναν στη Στερεά Ελλάδα και ειδικά στην περιοχή της ∆ωρίδας, όπως και η λέξη φανερώνει.\r\nΗ κάθοδος των ∆ωριέων δεν έγινε µονοµιάς. Χρειάστηκαν πολλά χρόνια. Σήµερα µας είναι άγνωστοι ακόµη και οι δρόµοι που ακολούθησαν. Το πιο πιθανό είναι ότι πέρασαν στην Πελοπόννησο από τον ισθµό της Κορίνθου.\r\nΣτην Πελοπόννησο χωρίστηκαν σε µικρότερες οµάδες και κατευθύνθηκαν σε διαφορετικές περιοχές.\r\nΜια ισχυρή οµάδα κατευθύνθηκε νοτιότερα και κατέλαβε τη Σπάρτη και την εύφορη πεδιάδα του ποταµού Ευρώτα. Oι παλιοί κάτοικοι έγιναν είλωτες που αναγκάστηκαν να καλλιεργούν τη γη. Oι ∆ωριείς φαίνεται ότι στην αρχή ήταν πιο πολλοί, γι\' αυτό όλοι οι κάτοικοι µίλησαν αργότερα τη διάλεκτό τους, τη δωρική.\r\nOι ∆ωριείς κυριάρχησαν µε τη δύναµή τους σε διάφορα µέρη της Πελοποννήσου. Πολλοί από τους παλιούς κατοίκους έχασαν την περιουσία τους και έγιναν δούλοι. O µυκηναϊκός πολιτισµός σταµάτησε να αναπτύσσεται. Μερικοί, βλέποντας ότι δεν µπορούσαν πια να ζήσουν στον τόπο τους, αναγκάστηκαν να φύγουν.', '../material/kathodos.jpg', NULL),
(1, 2, 'Oι Έλληνες δημιουργούν αποικίες', 'Oι µετακινήσεις πληθυσµών στην Ελλάδα ανάγκασαν διάφορα ελληνικά φύλα να µεταναστεύσουν. Αιολείς, Ίωνες και ∆ωριείς εγκαταστάθηκαν στα νησιά του ανατολικού Αιγαίου και τη Μ. Ασία, όπου ανέπτυξαν σπουδαίο πολιτισµό. Oι µετακινήσεις πληθυσµών αναστάτωσαν τη ζωή των κατοίκων της Ελλάδας. Τα κτήµατα έπαψαν να καλλιεργούνται και η κτηνοτροφία λιγόστεψε. Oι φτωχοί έγιναν περισσότεροι µε αποτέλεσµα οι τεχνίτες να µη βρίσκουν αγοραστές για τα προϊόντα τους. Πολλοί άρχισαν να φεύγουν από τον τόπο τους.\r\nΗ µετανάστευση δε γινόταν µε τρόπο οργανωµένο. Άλλοι έφευγαν γιατί δεν ένιωθαν πια ασφάλεια και άλλοι για να βρούνε καλύτερη τύχη.\r\nOι Αιολείς από τη Θεσσαλία πλέοντας στο Αιγαίο έφτασαν στη Λέσβο, την Τένεδο και την απέναντι πλευρά της Μ. Ασίας. Oι Ίωνες, ξεκινώντας από την Αττική, κατευθύνθηκαν προς τη Σάµο και τη Χίο. Από εκεί πέρασαν στη Μ. Ασία. Oι ∆ωριείς, που συνεχώς κατέφθαναν στην Πελοπόννησο, είδαν ότι οι περιοχές που κατέλαβαν δεν τους χωρούσαν. Ακολουθώντας και αυτοί το παράδειγµα των άλλων Ελλήνων, έφτασαν στη Ρόδο και µετά στη Μ. Ασία.\r\nOι Έλληνες στις νέες πατρίδες ήλθαν σε επαφή µε τους άλλους λαούς και γνώρισαν τον τρόπο ζωής τους. Κράτησαν όµως τις παλιές τους συνήθειες. Λάτρεψαν ιδιαίτερα τους θεούς τους, προς τιµήν των οποίων έχτισαν λαµπρούς ναούς. Στις µεγάλες θρησκευτικές γιορτές οι άποικοι συγκεντρώνονταν στα ιερά και γιόρταζαν όλοι µαζί.\r\nOι γιορτές τούς έκαναν να νιώθουν πιο έντονα την κοινή καταγωγή τους. Το Αιγαίο έγινε ελληνική θάλασσα, αφού στις δυο πλευρές του κατοικούσαν Έλληνες.', '../material/1os_apoikismos.jpg', NULL),
(1, 3, 'Η ποίηση και η θρησκεία των Ελλήνων', 'O πόλεµος που έκαναν οι Έλληνες για να καταλάβουν την Τροία ήταν ένα µεγάλο γεγονός. Τα κατορθώµατα των πολεµιστών έγιναν τραγούδια, που τα τραγουδούσαν οι ραψωδοί στις γιορτές και τα πανηγύρια.\r\nΤον 8ο αιώνα π.Χ. ο Όµηρος, ένας σπουδαίος ποιητής, έγραψε δύο µεγάλα ποιήµατα, την Ιλιάδα και την Oδύσσεια. Η Ιλιάδα µιλάει για τους αγώνες των Ελλήνων για την κατάληψη της Τροίας. Η Oδύσσεια έχει ως θέµα της τις περιπέτειες που γνώρισε ο Oδυσσέας στην προσπάθειά του να γυρίσει στην αγαπηµένη του πατρίδα, την Ιθάκη.\r\nΑπό τα ποιήµατα αυτά µαθαίνουµε πολλά για τους ανθρώπους εκείνης της εποχής και τη θρησκεία τους. Παλιότερα, κάθε περιοχή είχε το δικό της θεό και τις δικές της γιορτές. Στο χώρο όπου λατρευόταν ο θεός συγκεντρώνονταν οι άνθρωποι και τον τιµούσαν µε διάφορες τελετές. Μερικές φορές ένας τοπικός θεός αποκτούσε µεγαλύτερη φήµη. Στη γιορτή του τότε έπαιρναν µέρος και κάτοικοι άλλων περιοχών.\r\nΣτην οµηρική εποχή οι Έλληνες πίστευαν στους δώδεκα θεούς, τους οποίους φαντάζονταν ότι κατοικούσαν στον Όλυµπο, το ψηλότερο βουνό της Ελλάδας.\r\nΠίστευαν ότι πάνω εκεί υπήρχε ένα λαµπρό παλάτι, όπου έµενε ο ∆ίας και η γυναίκα του η Ήρα, ενώ οι άλλοι θεοί έµεναν σε χαµηλότερα σπίτια που τα είχε χτίσει ο Ήφαιστος. Για τους αρχαίους Έλληνες όλοι οι θεοί ζούσαν σαν µια οικογένεια, έτρωγαν αμβροσία και έπιναν νέκταρ. Αρχηγός όλων ήταν ο ∆ίας, τον οποίο οι Έλληνες ονόµαζαν «πατέρα των θεών και των ανθρώπων». Είχε µεγάλη δύναµη και κρατούσε στα χέρια του το φοβερό κεραυνό.', '../material/iliada.jpg', '<iframe class=\"resp_iframe\" src=\"https://www.youtube.com/embed/NILIv9pCDkU\" frameborder=\"0\" allowfullscreen></iframe>'),
(1, 4, 'Η τέχνη και η γραφή', 'Μετά την κάθοδο των ∆ωριέων σταµάτησε να αναπτύσσεται η µυκηναϊκή τέχνη. Η παλιά γραφή, δύσκολη όπως ήταν, µετά τόσες αλλαγές που έγιναν στον ελληνικό χώρο, ξεχάστηκε. Oι άνθρωποι όµως δεν έπαψαν να κτίζουν σπίτια ή να κατασκευάζουν διάφορα αντικείµενα που τους ήταν απαραίτητα στην καθηµερινή ζωή.\r\nΑπό τις ανασκαφές που έχουν γίνει βγάζουµε το συµπέρασµα ότι τα κτίρια ήταν µικρά και απλά. Τα θεµέλια τα έκτιζαν µε πέτρες, ενώ για το υπόλοιπο µέρος χρησιµοποιούσαν άλλα υλικά. Από ένα πήλινο κατασκεύασµα του 8ου π.Χ. αιώνα που βρέθηκε στην περιοχή του Άργους µπορούµε να πάρουµε µια ιδέα για τα κτίρια της εποχής.\r\nΤα πρώτα αγάλµατα ήταν ξύλινα και παρίσταναν θεούς. Απ\' αυτά δε σώθηκε κανένα. Και είναι φυσικό αυτό, αφού το ξύλο καταστρέφεται εύκολα. Αργότερα άρχισαν να φτιάχνουν µικρά αγάλµατα από µέταλλο.\r\nΌλες τότε οι οικογένειες χρησιµοποιούσαν διάφορα αγγεία για τις καθηµερινές τους ανάγκες. Σ\' αυτά αποθήκευαν λάδι, κρασί και άλλα προϊόντα. Oι τεχνίτες συνήθιζαν να ζωγραφίζουν πάνω σ\' αυτά κύκλους, τρίγωνα, τετράγωνα και άλλα γεωµετρικά σχήµατα. Γι\' αυτό και η τέχνη ονοµάστηκε γεωµετρική.\r\nΑυτή την εποχή οι Έλληνες άρχισαν τα θαλασσινά ταξίδια πουλώντας και αγοράζοντας προϊόντα. Κατάφεραν µάλιστα να πάρουν και πάλι το εµπόριο της Μεσογείου στα χέρια τους που το είχαν χάσει µετά την παρακµή του µυκηναϊκού πολιτισµού.\r\nΉρθαν σε επαφή µε έναν άλλο λαό, τους Φοίνικες, από τους οποίους πήραν το αλφάβητο. Σ\' αυτό πρόσθεσαν φωνήεντα κι έφτιαξαν έτσι δικό τους αλφάβητο. Στην αρχή µάλιστα οι Έλληνες έγραφαν από τα δεξιά προς τα αριστερά, χωρίς να χωρίζουν τις λέξεις.', '../material/horse.jpg', NULL),
(2, 1, 'Νέες αποικίες των ελλήνων', 'Oι µετακινήσεις στον ελληνικό χώρο έφεραν πολλές αλλαγές στη ζωή των Ελλήνων. Πολλοί εγκατέλειψαν τα χωριά τους και άρχισαν να συγκεντρώνονται σε περιοχές όπου µπορούσαν να ζήσουν καλύτερα και µε περισσότερη ασφάλεια. Έτσι δηµιουργήθηκαν οι πόλεις-κράτη.\r\nΚέντρο της νέας πόλης ήταν η ακρόπολη, στο πιο ψηλό σηµείο της περιοχής. Εκεί βρίσκονταν οι ναοί των θεών και τα δηµόσια κτίρια. Γύρω από αυτή χτίστηκαν οι κατοικίες των ανθρώπων. Όλος αυτός ο χώρος προστατευόταν από ψηλά τείχη. Η ζωή στην πόλη έγινε καλύτερη και όλοι ένιωσαν περισσότερο ασφαλείς. Κάποιοι έµεναν στα χωριά καλλιεργώντας τη γη. Σιγά σιγά όµως ο πληθυσµός αυξήθηκε και η γη δεν έφτανε να τους θρέψει όλους.\r\nΜερικοί τότε αποφάσισαν να εγκαταλείψουν την πόλη τους και να πάνε αλλού να ζήσουν. Η µετακίνηση αυτή τη φορά έγινε οργανωµένα. Η πόλη ρωτούσε το µαντείο των ∆ελφών για το κατάλληλο µέρος όπου θα γινόταν η εγκατάσταση. Η τελετή της αναχώρησης, στην οποία έπαιρναν µέρος όλοι οι πολίτες, ήταν συγκινητική.\r\nΜε δάκρυα στα µάτια οι άποικοι αναχωρούσαν για τη νέα πατρίδα. O αρχηγός τους έπαιρνε το «ιερόν πυρ» µε το οποίο θα άναβε το βωµό της αποικίας. Αυτό συµβόλιζε τους στενούς δεσµούς που θα υπήρχαν ανάµεσα στη μητρόπολη και την αποικία.\r\nΤα παράλια της Μεσογείου και του Εύξεινου πόντου γέµισαν από αποικίες. Oι πιο πολλές δηµιουργήθηκαν στην Κάτω Ιταλία και τη Σικελία, έτσι που η περιοχή να ονοµαστεί Μεγάλη Ελλάδα.\r\nΣτις αποικίες οι Έλληνες προόδευσαν. Έχτισαν ναούς και έκαναν µεγάλα δηµόσια έργα. Γνώρισαν άλλους λαούς και ανέπτυξαν µε αυτούς σχέσεις, χωρίς όµως να ξεχάσουν την καταγωγή τους.\r\nOι σχέσεις ανάµεσα στη µητρόπολη και την αποικία ήταν πάντα στενές. Ήταν µάλιστα µεγάλο κακό να πολεµήσει η µια εναντίον της άλλης.', '../material/2os_apoikismos.jpg', NULL),
(2, 2, 'Τα Πολιτεύματα στην αρχαϊκή Ελλάδα', 'Η επιθυµία για καλύτερη ζωή και οι αγώνες των ανθρώπων έφεραν πολλές αλλαγές στο πολίτευµα: βασιλεία, αριστοκρατία, τυραννίδα, δηµοκρατία. Τον παλιό καιρό, αρχηγός του κράτους ήταν ο βασιλιάς. Είχε µεγάλη δύναµη και τον σέβονταν όλοι. Καµιά φορά στο έργο του τον βοηθούσαν µερικοί ηλικιωµένοι άνθρωποι, που ξεχώριζαν για τη σοβαρότητά τους και την πείρα τους. Όταν ο βασιλιάς είχε να ανακοινώσει κάτι σπουδαίο, καλούσε το λαό σε συγκέντρωση. Το µέρος όπου γίνονταν αυτές οι συγκεντρώσεις ήταν ευρύχωρο και το ονόµασαν αγορά.\r\nΗ ζωή όµως άλλαξε και ο κόσµος συγκεντρωνόταν στις πόλεις. Κάποιοι που είχαν πολλά κτήµατα, οι άριστοι, όπως τους έλεγαν, παραµέρισαν το βασιλιά και πήραν την εξουσία στα χέρια τους. Το πολίτευµα τότε έγινε αριστοκρατικό.\r\nΗ ανάπτυξη του εµπορίου έδωσε την ευκαιρία σε κάποιους ανθρώπους να πλουτίσουν. Oι πλούσιοι, νιώθοντας πιο ισχυροί, πέτυχαν να πάρουν την εξουσία από τους ευγενείς. Το πολίτευµα ονοµάστηκε ολιγαρχικό, γιατί αυτοί που κυβερνούσαν ήταν λίγοι. Πολλές φορές δε συµφωνούσαν µεταξύ τους. Από την άλλη πλευρά ο λαός είχε πολλά παράπονα και συχνά γίνονταν ταραχές.\r\nΤην άσχηµη αυτή κατάσταση σε διάφορες πόλεις εκµεταλλεύτηκαν άνθρωποι που είχαν µεγάλες φιλοδοξίες. Κατάφεραν να κερδίσουν την εµπιστοσύνη του λαού και µε τη βοήθειά του έγιναν τύραννοι. Στο τυραννικό πολίτευµα αυτός που κυβερνούσε δεν έδινε λόγο σε κανέναν για ό,τι έκανε.\r\nΤα προβλήµατα όµως παρέµεναν. Oι περισσότεροι δεν είχαν χωράφια για να καλλιεργήσουν και είχαν πολλά χρέη. Σε πολλές πόλεις έγιναν επαναστάσεις και έδιωξαν τους τυράννους. Oι αλλαγές συνεχίζονταν και οι άνθρωποι αγωνίζονταν να ζήσουν καλύτερα. Στην Αθήνα σιγά σιγά έπαιρνε την εξουσία ο λαός. Το πολίτευµα γινόταν δηµοκρατικό.', NULL, NULL),
(2, 3, 'Oι δεσμοί που ένωναν τους Έλληνες', 'Oι Έλληνες, σκορπισµένοι σε πολλά µέρη, έβρισκαν ευκαιρίες ν\' ανταµώνουν. Oι πανελλήνιοι αγώνες, τα µαντεία, οι Αµφικτιονίες ήταν µερικές από τις δραστηριότητες που τους έκαναν να νιώθουν ως µέλη µιας µεγάλης οικογένειας.\r\nOι Έλληνες, σκορπισµένοι στα παράλια της Μεσογείου και του Εύξεινου πόντου, κράτησαν ζωντανούς τους δεσµούς που τους ένωναν. Φρόντιζαν µάλιστα να τους ανανεώνουν. Μια τέτοια ευκαιρία ήταν οι Oλυµπιακοί αγώνες. Στους αγώνες αυτούς, που γίνονταν κάθε τέσσερα χρόνια στην Oλυµπία, έπαιρναν µέρος µόνο Έλληνες.\r\nΠριν αρχίσουν οι αγώνες, αγγελιαφόροι µετέφεραν το µήνυµα των αγώνων σ\' όλες τις πόλεις. Oι πόλεµοι σταµατούσαν. Oι αθλητές και οι συνοδοί τους µπορούσαν έτσι να πάνε στην Oλυµπία χωρίς να κινδυνεύουν. Oι νικητές των αγώνων στεφανώνονταν µε κλαδί ελιάς και κέρδιζαν την αγάπη και την εκτίµηση όλων. Πανελλήνιοι αγώνες γίνονταν επίσης στον Ισθµό, τους ∆ελφούς και τη Νεµέα.\r\nOι αρχαίοι Έλληνες τιµούσαν ιδιαίτερα τους Oλυµπιονίκες. Όταν γύριζαν στην πατρίδα τους, έµπαιναν µέσα στην πόλη όχι από την κύρια πύλη, αλλά από ένα άνοιγµα που γινόταν στο τείχος. Μ\' αυτό τον τρόπο οι πολίτες πίστευαν ότι σε περίπτωση κινδύνου το κενό θα το κάλυπτε µε το στήθος του ο αθλητής.\r\nOι Έλληνες, όπως όλοι οι άνθρωποι, ήθελαν να προβλέπουν τι θα γίνει στο µέλλον. Για να βρούνε απαντήσεις στα προβλήµατά τους πήγαιναν στα μαντεία. Το πιο γνωστό ήταν το µαντείο των ∆ελφών που ήταν αφιερωµένο στο θεό Απόλλωνα. Oι χρησµοί, όπως λέγονταν οι απαντήσεις που έδινε η Πυθία, δεν είχαν πάντοτε ξεκάθαρο νόηµα.\r\nOι άνθρωποι που κατοικούσαν γύρω από τέτοιους ιερούς τόπους, σχηµάτιζαν ενώσεις. Αυτό γινόταν γιατί συνήθως εκεί υπήρχαν θησαυροί που ήθελαν να τους προφυλάξουν. Ανάµεσα σ\' αυτές τις ενώσεις, που ονοµάζονταν Αµφικτιονίες, ξεχωρίζει η Αµφικτιονία των ∆ελφών. Όταν γινόταν συνέλευση, κάθε πόλη έστελνε δυο αντιπροσώπους. Oι αποφάσεις που παίρνονταν ήταν σεβαστές απ\' όλους τους κατοίκους της περιοχής.\r\nΌλες αυτές οι δραστηριότητες ένωναν τους Έλληνες και τους έκαναν να νιώθουν µέλη µιας µεγάλης οικογένειας.', NULL, '<iframe class=\"resp_iframe\" src=\"https://www.youtube.com/embed/XZ3FS90f7k0\" frameborder=\"0\" allowfullscreen></iframe>'),
(2, 4, 'Η τέχνη της αρχαϊκής εποχής', 'Τον 7ο και 6ο αιώνα π.Χ. ο ελληνικός κόσµος γνώρισε µεγάλη οικονοµική ανάπτυξη. Oι πόλεις στολίστηκαν µε λαµπρά κτίρια. Τη µεγαλύτερη εντύπωση έκαναν οι ναοί, µε τους οποίους οι άνθρωποι θέλησαν να τιµήσουν τους θεούς. Oι ρυθµοί µε τους οποίους χτίστηκαν οι ναοί ήταν δύο, ο δωρικός και ο ιωνικός. Η διαφορά ανάµεσά τους ήταν κυρίως στους κίονες (κολόνες).\r\nΤεχνίτες µε ξεχωριστές ικανότητες σκάλιζαν το µάρµαρο κι έφτιαχναν αγάλµατα που παρίσταναν κούρους και κόρες. Oι κούροι εικονίζουν γυµνούς νέους άνδρες, µε τα χέρια κολληµένα στα πλάγια του σώµατος. Το ένα πόδι είναι πιο µπροστά από το άλλο, έτσι που νοµίζει κανείς ότι το άγαλµα είναι έτοιµο να περπατήσει. Oι κόρες είναι νεαρές γυναίκες ντυµένες µε ελαφριά ρούχα και καλοχτενισµένες.\r\nΑυτή την εποχή αναπτύχθηκε και το εµπόριο. Έµποροι απ\' όλα τα µέρη της Μεσογείου και του Εύξεινου πόντου µεταφέρουν και πουλάνε πολλά προϊόντα. Η ανάγκη για αποθήκευση και µεταφορά του κρασιού και του λαδιού έφερε και την ανάπτυξη της αγγειοπλαστικής. Πολλοί καλλιτέχνες έγιναν γνωστοί και πλούτισαν ζωγραφίζοντας πάνω στα αγγεία σκηνές από τη µυθολογία και την ιστορία. Oι µορφές άλλοτε ζωγραφίζονταν µε µαύρο χρώµα (µελανόµορφος ρυθµός) και άλλοτε µε κόκκινο (ερυθρόµορφος ρυθµός).', '../material/kouros.jpg', NULL),
(2, 5, 'Τα γράμματα', 'Αυτή την περίοδο οι ποιητές δεν ασχολούνται µε τους ήρωες και τα κατορθώµατά τους στον πόλεµο. ∆εν τους απασχολούν τα περασµένα. Πιο πολύ τους ενδιαφέρει η καθηµερινή ζωή των ανθρώπων και τα προβλήµατά της.\r\nO Ησίοδος, ένας µεγάλος ποιητής, προσπαθεί µε τα ποιήµατά του να διδάξει τους ανθρώπους (διδακτική ποίηση). Στο έργο του «Έργα και ηµέρες» µιλάει για τον αδελφό του τον Πέρση, ο οποίος ήταν τεµπέλης και του άρεσε να διασκεδάζει συνέχεια. O Ησίοδος προσπαθεί µε το ποίηµά του να του δώσει συµβουλές. Θέλει να τον διδάξει πώς θα γίνει τίµιος και εργατικός.\r\nΈνα άλλο είδος ποίησης που αναπτύχθηκε ήταν η λυρική. Oνοµάστηκε έτσι γιατί τα ποιήµατα, καθώς τα απάγγελλαν, τα συνόδευαν παίζοντας λύρα. Τα ποιήµατα αυτά είναι µικρά και µιλούν για τις χαρές και τις λύπες των ανθρώπων.\r\nO αγώνας που έκαναν οι άνθρωποι για να τα βγάλουν πέρα µε τις καθηµερινές ανάγκες τους οδήγησε σε πολλές σκέψεις. Κάποιοι άρχισαν να ασχολούνται µε θέµατα που δεν µπορούσαν οι ίδιοι να εξηγήσουν. Προσπαθούσαν κυρίως να καταλάβουν πώς έγινε ο κόσµος. Αυτοί ήταν οι φιλόσοφοι. Άλλοι θέλησαν να γράψουν για τα περασµένα, για να µην ξεχαστούν. Με αυτό τον τρόπο σιγά σιγά άρχισε να δηµιουργείται και η Ιστορία.', NULL, NULL),
(2, 6, 'Σπάρτη: Η κοινωνία και το πολίτευμα', 'Oι ∆ωριείς κατέλαβαν τη Λακωνία και ίδρυσαν ένα ισχυρό κράτος µε πρωτεύουσα τη Σπάρτη. Oι Σπαρτιάτες πήραν την εξουσία στα χέρια τους και µοίρασαν τη γη µεταξύ τους. Oι παλιοί κάτοικοι έγιναν δούλοι, είλωτες, που εργάζονταν στα κτήµατα. Με το εµπόριο ασχολήθηκαν οι περίοικοι, που κατοικούσαν σε συνοικισµούς γύρω από τη Σπάρτη.\r\nΤο κράτος της Σπάρτης µεγάλωσε, αλλά η ζωή των ανθρώπων παρέµενε η ίδια. Oι νόµοι έγιναν πιο αυστηροί. Πάντα υπήρχε ο φόβος µήπως επαναστατήσουν οι είλωτες, οι οποίοι µε τον καιρό είχαν γίνει πιο πολλοί από τους Σπαρτιάτες. O λόγος αυτός έκανε τους Σπαρτιάτες να γυµνάζονται καθηµερινά και να ασχολούνται µε πολεµικά έργα. Έπρεπε να είναι έτοιµοι να αντιµετωπίσουν τον εχθρό µέσα στη Σπάρτη, αλλά και έξω απ\' αυτή, σε περιοχές που είχαν κατακτήσει.\r\nΗ Σπάρτη είχε δύο βασιλιάδες, οι οποίοι όµως δεν είχαν µεγάλη εξουσία. Όταν ξεσπούσε πόλεµος, γίνονταν αρχηγοί του στρατού.\r\nΤα σοβαρά ζητήµατα τα συζητούσαν στην Απέλλα και έπαιρναν τις κατάλληλες αποφάσεις. Στη συνέλευση αυτή έπαιρναν µέρος µόνο οι Σπαρτιάτες που ήταν πάνω από τριάντα χρόνων. Εκεί ανακοινώνονταν τα θέµατα και οι Σπαρτιάτες έλεγαν τη γνώµη τους, αν συµφωνούσαν ή διαφωνούσαν.', NULL, NULL),
(2, 7, 'Το παλιό πολίτευμα της Αθήνας', 'Λένε ότι ο Θησέας παρακίνησε τους κατοίκους της Αττικής να εγκατασταθούν στην Αθήνα. Τελευταίος βασιλιάς ήταν ο Κόδρος. Μετά από αυτόν κυβέρνησαν οι άριστοι, οι οποίοι, για να ησυχάσει ο τόπος από τις διαµαρτυρίες των πολιτών, ανέθεσαν στο ∆ράκοντα να καταγράψει τους νόµους.\r\nOι παλιοί κάτοικοι της Αττικής δε ζούσαν όλοι σ\' ένα µέρος. Μερικοί κατοικούσαν στις ορεινές περιοχές, ενώ οι περισσότεροι είχαν εγκατασταθεί στις µικρές εύφορες πεδιάδες και στην παραλία.\r\nΕκείνος που τους παρακίνησε να συγκεντρωθούν και να κατοικήσουν όλοι µαζί ήταν ο ξακουστός βασιλιάς Θησέας. Έτσι άρχισε σιγά σιγά γύρω από την Ακρόπολη να δηµιουργείται η Αθήνα. Για να θυµούνται µάλιστα οι Αθηναίοι αυτό το γεγονός, γιόρταζαν τα Παναθήναια, την πιο µεγάλη γιορτή τους.\r\nΑργότερα, οι ∆ωριείς που είχαν εγκατασταθεί στην Πελοπόννησο, θέλησαν να καταλάβουν την Αθήνα. Για να είναι µάλιστα πιο σίγουροι ότι θα τα καταφέρουν, ρώτησαν το µαντείο των ∆ελφών.\r\nΤο έδαφος όµως της Αττικής ήταν φτωχό και δεν έφτανε να θρέψει τους κατοίκους. Πολλοί ήταν χρεωµένοι και διαµαρτύρονταν. Στο δικαστήριο που πήγαιναν δεν έβρισκαν δίκιο, γιατί οι νόµοι ήταν άγραφοι και οι δικαστές ευγενείς. Για να σταµατήσει η αναστάτωση, οι ευγενείς ανέθεσαν στο ∆ράκοντα να γράψει τους νόµους (624 π. Χ.). Oι νόµοι όµως του ∆ράκοντα ήταν τόσο σκληροί, που κάποιοι είπαν ότι ήταν γραµµένοι µε αίµα.', NULL, NULL),
(2, 8, 'Oι νόμοι του Σόλωνα. O Πεισίστρατος γίνεται τύραννος', 'O λαός της Αθήνας ζητούσε να καταργηθούν τα χρέη και να ξαναµοιραστεί η γη. Λύση όµως σ\' αυτό το πρόβληµα δεν ήταν εύκολο να βρεθεί, γι\' αυτό και γίνονταν συχνά συγκρούσεις.\r\nΤότε, οι ευγενείς ζήτησαν από το Σόλωνα, έναν πολύ αγαπητό στο λαό ποιητή, να λάβει κάποια µέτρα. Κι εκείνος πήρε γενναίες αποφάσεις. Κατάργησε όλα τα χρέη των αγροτών. Απαγόρευσε µάλιστα να γίνεται κάποιος δούλος, επειδή δεν είχε να πληρώσει τα χρήµατα που είχε δανειστεί. Με τις ενέργειες αυτές του Σόλωνα έφυγε ένα βάρος από τους ώµους του φτωχού λαού. O νόµος του αυτός ονοµάστηκε σεισάχθεια.\r\nΣτη συνέχεια, ο Σόλωνας θέλησε να αφαιρέσει κι άλλη δύναµη από τους ευγενείς. Χώρισε τους πολίτες σε τέσσερις τάξεις µε βάση τα εισοδήµατά τους και όχι την καταγωγή τους. Μ\' αυτό τον τρόπο απέκτησαν δικαιώµατα περισσότεροι πολίτες, αφού δεν έπαιρναν πια αξιώµατα µόνο οι ευγενείς.\r\nΕκείνο που περισσότερο ήθελαν όµως οι αγρότες, ήταν να ξαναµοιραστούν τα κτήµατα. Αυτό δεν έγινε και η αναταραχή συνεχίστηκε. Την άσχηµη αυτή κατάσταση εκµεταλλεύτηκε ο Πεισίστρατος, ο οποίος κατάφερε να γίνει αρχηγός των φτωχών. Με τη βοήθειά τους µάλιστα έγινε αρχηγός του κράτους. Έµεινε πολλά χρόνια στην εξουσία και φρόντισε να ελαφρύνει τη θέση των φτωχών. Ήταν όµως τύραννος, κυβερνούσε δηλαδή χωρίς να δίνει λόγο σε κανέναν. Εκείνο που τον ένοιαζε περισσότερο ήταν το δικό του συµφέρον. Όταν πέθανε, άφησε την εξουσία στο γιο του τον Ιππία. Oι Αθηναίοι όµως δεν τον ήθελαν. Έκαναν επανάσταση αργότερα και τον έδιωξαν.', '../material/solon.jpg', NULL),
(2, 9, 'O Κλεισθένης θεμελιώνει τη δημοκρατία', 'O Κλεισθένης, όσο υπήρχε στην Αθήνα το τυραννικό πολίτευµα, ζούσε εξόριστος. Γύρισε πίσω, όταν ο Πεισίστρατος λίγο πριν πεθάνει επέτρεψε να γυρίσουν στην Αθήνα οι πολιτικοί του αντίπαλοι. Στη συνέχεια, ο Κλεισθένης ανέλαβε την εξουσία και έκανε µεγάλες αλλαγές.\r\nΘέλοντας να σταµατήσει τις συγκρούσεις στην πόλη, χώρισε τους πολίτες σε 10 φυλές. Τα µέλη κάθε φυλής προέρχονταν από όλες τις τάξεις της κοινωνίας. Oι Αθηναίοι δε χωρίζονταν πια σε πλούσιους και φτωχούς που κατοικούσαν σε πλούσιες ή φτωχές περιοχές. Όλοι είχαν ίσα δικαιώµατα. Κάθε φυλή εξέλεγε ένα στρατηγό και πενήντα βουλευτές.\r\nΗ βουλή των πεντακοσίων, όπως ονοµάστηκε, ως έργο της είχε να προετοιµάζει τα θέµατα που θα συζητούνταν στην εκκλησία του δήµου. Στη συνέλευση αυτή έπαιρναν µέρος όλοι οι Αθηναίοι πολίτες. Εκεί ψήφιζαν τους νόµους, συζητούσαν και αποφάσιζαν για τα µεγάλα θέµατα της Αθήνας. Όλοι µπορούσαν να πάρουν το λόγο και να πουν τη γνώµη τους.\r\nΗ Αθήνα στο µεταξύ είχε µεγαλώσει. Στην πόλη είχαν εγκατασταθεί και πολλοί ξένοι που ασχολούνταν µε το εµπόριο. Oι άνθρωποι αυτοί δεν είχαν διαφορές µεταξύ τους ούτε είχαν πάρει µέρος στις συγκρούσεις που είχαν γίνει τα προηγούµενα χρόνια. Για πολλά χρόνια επικράτησε στην πόλη ηρεµία. ∆ίκαια λοιπόν ονοµάστηκε ο Κλεισθένης θεµελιωτής της δηµοκρατίας.', '../material/kleisthenis.jpg', NULL);

-- --------------------------------------------------------

--
-- Table structure for table `friendship`
--

CREATE TABLE `friendship` (
  `user1` varchar(20) NOT NULL,
  `user2` varchar(20) NOT NULL
) ENGINE=InnoDB DEFAULT CHARSET=utf8;

--
-- Dumping data for table `friendship`
--

INSERT INTO `friendship` (`user1`, `user2`) VALUES
('bill', 'antreas'),
('antreas', 'bill');

-- --------------------------------------------------------

--
-- Table structure for table `friend_request`
--

CREATE TABLE `friend_request` (
  `id` bigint(20) NOT NULL,
  `from_user` varchar(20) NOT NULL,
  `to_user` varchar(20) NOT NULL,
  `status` varchar(10) NOT NULL DEFAULT 'pending',
  `notification_id` bigint(20) NOT NULL
) ENGINE=InnoDB DEFAULT CHARSET=utf8;

--
-- Dumping data for table `friend_request`
--

INSERT INTO `friend_request` (`id`, `from_user`, `to_user`, `status`, `notification_id`) VALUES
(1, 'bill', 'antreas', 'rejected', 1),
(2, 'antreas', 'bill', 'accepted', 2);

-- --------------------------------------------------------

--
-- Table structure for table `groups`
--

CREATE TABLE `groups` (
  `project_id` int(4) NOT NULL,
  `user` varchar(20) NOT NULL
) ENGINE=InnoDB DEFAULT CHARSET=utf8;

--
-- Dumping data for table `groups`
--

INSERT INTO `groups` (`project_id`, `user`) VALUES
(1, 'antreas'),
(1, 'bill'),
(1, 'john');

-- --------------------------------------------------------

--
-- Table structure for table `group_chat`
--

CREATE TABLE `group_chat` (
  `id` bigint(20) NOT NULL,
  `project_id` int(4) NOT NULL,
  `user` varchar(20) NOT NULL,
  `text` text NOT NULL
) ENGINE=InnoDB DEFAULT CHARSET=utf8;

--
-- Dumping data for table `group_chat`
--

INSERT INTO `group_chat` (`id`, `project_id`, `user`, `text`) VALUES
(1, 1, 'bill', 'Γεια, πως σας φαίνεται η πηγή;'),
(2, 1, 'aggelos24', 'Καλή, περιμένω κι άλλες.');

-- --------------------------------------------------------

--
-- Table structure for table `link`
--

CREATE TABLE `link` (
  `id` bigint(20) NOT NULL,
  `project_id` int(4) NOT NULL,
  `user` varchar(20) NOT NULL,
  `url` varchar(200) NOT NULL,
  `description` text NOT NULL
) ENGINE=InnoDB DEFAULT CHARSET=utf8;

--
-- Dumping data for table `link`
--

INSERT INTO `link` (`id`, `project_id`, `user`, `url`, `description`) VALUES
(1, 1, 'bill', 'http://el.wikipedia.org/wiki/Σόλων_ο_Αθηναίος', 'Άρθρο από βικιπαίδεια');

-- --------------------------------------------------------

--
-- Table structure for table `material`
--

CREATE TABLE `material` (
  `path` varchar(100) NOT NULL,
  `description` text NOT NULL
) ENGINE=InnoDB DEFAULT CHARSET=utf8;

--
-- Dumping data for table `material`
--

INSERT INTO `material` (`path`, `description`) VALUES
('../material/1os_apoikismos.jpg', 'Ο 1ος αποικισμός των Ελλήνων'),
('../material/2os_apoikismos.jpg', 'Ο 2ος αποικισμός των Ελλήνων'),
('../material/horse.jpg', 'Χάλκινο άλογο '),
('../material/iliada.jpg', 'Απεικόνιση μάχη της Ιλιάδας'),
('../material/kathodos.jpg', 'Η κάθοδος των Δωριέων'),
('../material/kleisthenis.jpg', 'Κλεισθένης'),
('../material/kouros.jpg', 'O κούρος της Αναβύσσου'),
('../material/solon.jpg', 'Σόλων ο Αθηναίος');

-- --------------------------------------------------------

--
-- Table structure for table `message`
--

CREATE TABLE `message` (
  `id` bigint(20) NOT NULL,
  `from_user` varchar(20) NOT NULL,
  `to_user` varchar(20) NOT NULL,
  `subject` varchar(20) NOT NULL,
  `text` text NOT NULL,
  `seen` tinyint(1) NOT NULL DEFAULT '0',
  `date` datetime NOT NULL
) ENGINE=InnoDB DEFAULT CHARSET=utf8;

--
-- Dumping data for table `message`
--

INSERT INTO `message` (`id`, `from_user`, `to_user`, `subject`, `text`, `seen`, `date`) VALUES
(22, 'aggelos24', 'antreas', 'Καλώς όρισες', 'Καλώς όρισες, για οποιοδήποτε πρόβλημα έχεις, στείλε μου.', 1, '2017-01-18 19:31:27'),
(23, 'aggelos24', 'bill', 'Καλώς όρισες', 'Καλώς όρισες, για οποιοδήποτε πρόβλημα έχεις, στείλε μου.', 0, '2017-01-18 19:31:51'),
(24, 'aggelos24', 'john', 'Καλώς όρισες', 'Καλώς όρισες, για οποιοδήποτε πρόβλημα έχεις, στείλε μου.', 0, '2017-01-18 19:32:47'),
(25, 'antreas', 'aggelos24', 'Καλώς όρισες', 'Ευχαριστώ.', 0, '2017-01-18 19:33:41');

-- --------------------------------------------------------

--
-- Table structure for table `notification`
--

CREATE TABLE `notification` (
  `id` bigint(20) NOT NULL,
  `to_user` varchar(20) NOT NULL,
  `text` text NOT NULL,
  `seen` tinyint(1) NOT NULL DEFAULT '0',
  `display` tinyint(1) NOT NULL DEFAULT '1'
) ENGINE=InnoDB DEFAULT CHARSET=utf8;

--
-- Dumping data for table `notification`
--

INSERT INTO `notification` (`id`, `to_user`, `text`, `seen`, `display`) VALUES
(1, 'antreas', 'Ο χρήστης <a href=\'view_profile.php?username=bill&friend=0\'>bill</a> θέλει να γίνετε φίλοι. <br><button onclick=\'accept_friend_request(1)\'> Ναι, θέλω κι εγώ </button> <br><button onclick=\'reject_friend_request(1)\'> Όχι </button>', 1, 0),
(2, 'bill', 'Ο χρήστης <a href=\'view_profile.php?username=antreas&friend=0\'>antreas</a> θέλει να γίνετε φίλοι. <br><button onclick=\'accept_friend_request(2)\'> Ναι, θέλω κι εγώ </button> <br><button onclick=\'reject_friend_request(2)\'> Όχι </button>', 1, 0),
(3, 'antreas', 'Στις 19-01-2017 έχεις τεστ', 1, 1),
(4, 'bill', 'Στις 18-01-2017 έχεις τεστ', 1, 0),
(6, 'antreas', 'Σου έχει ανατεθεί εργασία, για περισσότερες πληροφορίες πάτησε <a href=\'project.php?id=1\'> εδώ </a>', 1, 1),
(7, 'bill', 'Σου έχει ανατεθεί εργασία, για περισσότερες πληροφορίες πάτησε <a href=\'project.php?id=1\'> εδώ </a>', 1, 1),
(8, 'john', 'Σου έχει ανατεθεί εργασία, για περισσότερες πληροφορίες πάτησε <a href=\'project.php?id=1\'> εδώ </a>', 0, 1);

-- --------------------------------------------------------

--
-- Table structure for table `project`
--

CREATE TABLE `project` (
  `id` int(4) NOT NULL,
  `title` varchar(50) NOT NULL,
  `description` text NOT NULL,
  `deadline` date NOT NULL,
  `document` tinyint(1) NOT NULL DEFAULT '0',
  `grade` int(1) DEFAULT NULL
) ENGINE=InnoDB DEFAULT CHARSET=utf8;

--
-- Dumping data for table `project`
--

INSERT INTO `project` (`id`, `title`, `description`, `deadline`, `document`, `grade`) VALUES
(1, 'Σόλων ο Αθηναίος', ' Η εργασία έχει να κάνει με την ζωή και το έργο του Σόλωνα.', '2018-01-01', 1, NULL);

-- --------------------------------------------------------

--
-- Table structure for table `project_change`
--

CREATE TABLE `project_change` (
  `id` bigint(20) NOT NULL,
  `project_id` int(4) NOT NULL,
  `user` varchar(20) NOT NULL,
  `change_description` text NOT NULL,
  `date` date NOT NULL
) ENGINE=InnoDB DEFAULT CHARSET=utf8;

--
-- Dumping data for table `project_change`
--

INSERT INTO `project_change` (`id`, `project_id`, `user`, `change_description`, `date`) VALUES
(1, 1, 'antreas', 'Μια αρχή.', '2017-01-18');

-- --------------------------------------------------------

--
-- Table structure for table `question_and_answer`
--

CREATE TABLE `question_and_answer` (
  `id` int(10) NOT NULL,
  `section_number` int(11) NOT NULL,
  `difficult` tinyint(1) NOT NULL,
  `question_text` text NOT NULL,
  `correct_answer` varchar(50) NOT NULL,
  `wrong_answer_1` varchar(50) NOT NULL,
  `wrong_answer_2` varchar(50) NOT NULL,
  `wrong_answer_3` varchar(50) NOT NULL
) ENGINE=InnoDB DEFAULT CHARSET=utf8;

--
-- Dumping data for table `question_and_answer`
--

INSERT INTO `question_and_answer` (`id`, `section_number`, `difficult`, `question_text`, `correct_answer`, `wrong_answer_1`, `wrong_answer_2`, `wrong_answer_3`) VALUES
(2, 1, 0, 'Ποιο ήταν το τελευταίο φύλο που μετακινήθηκε προς τη νότια Ελλάδα;', 'Δωριείς', 'Αιολείς', 'Ίωνες', 'Κανένα από τα παραπάνω'),
(3, 1, 0, 'Ποιος πολιτισμός σταμάτησε να αναπτύσσεται έπειτα από την κάθοδο των Δωριέων;', 'Μυκηναϊκός', 'Αθηναϊκός', 'Θηβαϊκός', 'Κανένα από τα παραπάνω'),
(5, 1, 1, 'Ποιοι ξεκίνησαν από τη Θεσσαλία πλέοντας στο Αιγαίο έφτασαν στη Λέσβο, την Τένεδο και την απέναντι πλευρά της Μ. Ασίας;', 'Αιολείς', 'Ίωνες', 'Δωριείς', 'Κανένα από τα παραπάνω'),
(6, 1, 1, 'Ποιοι ξεκίνησαν από τη Αττική κατευθύνθηκαν προς τη Σάµο και τη Χίο και από εκεί στη Μ. Ασίας;', 'Ίωνες', 'Αιολείς', 'Δωριείς', 'Κανένα από τα παραπάνω'),
(8, 1, 0, 'Ποιος έγραψε την Ιλιάδα και την Οδύσσεια;', 'Όμηρος', 'Θουκυδίδης', 'Ηρόδοτος', 'Πλάτωνας'),
(9, 1, 0, 'Που κατοικούσαν οι δώδεκα θεοί;', 'Όλυμπος', 'Ταΰγετος', 'Αρτεμίσιο', 'Πήλιο'),
(11, 1, 1, 'Στα γεωμετρικά χρόνια, από τι έκτιζαν τα θεμέλια τους οι Έλληνες;', 'Πέτρα', 'Ξύλο', 'Πυλός', 'Κανένα από τα παραπάνω'),
(12, 1, 1, 'Ποιοι ξεκίνησαν από την Πελοπόννησο έφτασαν στη Ρόδο και μετά στην Μ. Ασία;', 'Δωριείς', 'Ίωνες', 'Αιολείς', 'Κανένα από τα παραπάνω'),
(13, 1, 1, 'Από ποιον λαό πήραν οι Έλληνες το αλφάβητο;', 'Φοίνικες', 'Αιγύπτιοι', 'Δωριείς', 'Κανένα από τα παραπάνω'),
(15, 2, 0, 'Στα αρχαϊκά χρόνια ποιον συμβολευόνταν για το που να μετακινηθούν;', 'Το μαντείο των Δελφών', 'Την εκκλησία του Δήμου', 'Τον Άρειο Πάγο', 'Κανέναν'),
(16, 2, 0, 'Τι βρισκόταν στην ακρόπολη;', 'Οι ναοί των θεών και τα δηµόσια κτίρια', 'Οι ναοί των θεών και οι κατοικίες των ευγενών', 'Οι ναοί των θεών και το πανεπιστήμιο', 'Το λιμάνι'),
(17, 2, 1, 'Που δημιουργήθηκαν οι πιο πολλές αποικίες (Μεγάλη Ελλάδα) στα Αρχαϊκά Χρόνια;', 'Στην Κάτω Ιταλία και τη Σικελία', 'Στα παράλια της Μικράς Ασίας', 'Στην Αίγυπτο', 'Στη Νότια Γαλλία'),
(19, 2, 0, ' Ποιος κυβερνούσε στην ολιγαρχεία;', 'Οι πλούσιοι', 'Οι άριστοι', 'Ο βασιλιάς', 'Ο τύραννος'),
(20, 2, 1, ' Ποιο είναι το πιο παλιό πολίτευμα της Αρχαίας Ελλάδας;', 'Η βασιλεία', 'Η αριστοκρατία', 'Η ολιγραρχία', 'Η δημοκρατία'),
(21, 2, 0, ' Κάθε πότε γίνονταν οι Ολυμπιακοί Αγώνες στην Αρχαία Ελλάδα;', '4 χρόνια', '2 χρόνος', '1 χρόνος', '6 μήνες'),
(22, 2, 1, 'Σε ποιον Θεό ήταν αφιερωμένο το Μαντείο των Δελφών', 'Στον Απόλλωνα', 'Στον Δία', 'Στην Αθηνά', 'Στον Άρη'),
(23, 2, 1, 'Ο Ησίοδος τι ήταν;', 'Ποιητής', 'Ιστορικός', 'Νομοθέτης', 'Τύραννος'),
(24, 2, 0, ' Ποιοι ίδρυσαν την Αρχαία Σπάρτη;', 'Δωριείς', 'Αιολείς', 'Ίωνες', 'Κανένα από τα παραπάνω'),
(25, 2, 1, ' Που λαμβάνονταν οι αποφάσεις για σοβαρά ζητήματα στην Αρχαία Σπάρτη;', 'Στην Απέλλα', 'Στην Εκκλησία του Δήμου', 'Στην αγορά', 'Στην ακρόπολη'),
(26, 2, 0, ' Γιατί έμειναν ξακουστοί οι Σπαρτιάτες;', 'Για τη φιλοπατρία και την ανδρεία τους', 'Για το εμπόριο και τις τέχνες τους', 'Για την δημοκρατία τους', 'Για το ναυτικό τους');

-- --------------------------------------------------------

--
-- Table structure for table `section`
--

CREATE TABLE `section` (
  `number` int(11) NOT NULL,
  `title` varchar(20) NOT NULL
) ENGINE=InnoDB DEFAULT CHARSET=utf8;

--
-- Dumping data for table `section`
--

INSERT INTO `section` (`number`, `title`) VALUES
(1, 'Γεωμετρικά Χρόνια'),
(2, 'Αρχαϊκά Χρόνια');

-- --------------------------------------------------------

--
-- Table structure for table `source_file`
--

CREATE TABLE `source_file` (
  `id` bigint(20) NOT NULL,
  `project_id` int(4) NOT NULL,
  `user` varchar(20) NOT NULL,
  `path` varchar(150) NOT NULL,
  `description` text NOT NULL
) ENGINE=InnoDB DEFAULT CHARSET=utf8;

--
-- Dumping data for table `source_file`
--

INSERT INTO `source_file` (`id`, `project_id`, `user`, `path`, `description`) VALUES
(9, 1, 'antreas', '../projects/project_1/Solon o Athinaios O poiitis tis politikis.pdf', 'Κείμενο για το Σόλωνα');

-- --------------------------------------------------------

--
-- Table structure for table `test`
--

CREATE TABLE `test` (
  `id` bigint(20) NOT NULL,
  `section_number` int(10) DEFAULT NULL,
  `user` varchar(20) NOT NULL,
  `test_date` date NOT NULL,
  `status` varchar(15) NOT NULL DEFAULT 'pending',
  `score` tinyint(4) DEFAULT NULL,
  `notification_id` bigint(20) NOT NULL
) ENGINE=InnoDB DEFAULT CHARSET=utf8;

--
-- Dumping data for table `test`
--

INSERT INTO `test` (`id`, `section_number`, `user`, `test_date`, `status`, `score`, `notification_id`) VALUES
(1, 1, 'antreas', '2017-01-18', 'completed', 5, 3),
(2, NULL, 'bill', '2017-01-18', 'completed', 8, 4);

-- --------------------------------------------------------

--
-- Table structure for table `user`
--

CREATE TABLE `user` (
  `username` varchar(20) NOT NULL,
  `password` varchar(40) NOT NULL,
  `professor` tinyint(1) NOT NULL DEFAULT '0',
  `level` tinyint(4) DEFAULT '1',
  `photo` varchar(30) DEFAULT NULL,
  `email` varchar(30) NOT NULL,
  `description` text,
  `last_login` date DEFAULT NULL
) ENGINE=InnoDB DEFAULT CHARSET=utf8;

--
-- Dumping data for table `user`
--

INSERT INTO `user` (`username`, `password`, `professor`, `level`, `photo`, `email`, `description`, `last_login`) VALUES
('aggelos24', '202cb962ac59075b964b07152d234b70', 1, 1, NULL, 'angelosarn@hotmail.com', NULL, NULL),
('antreas', '202cb962ac59075b964b07152d234b70', 0, 2, NULL, 'antreas@hotmail.com', 'Είμαι ο Αντρέας, πάω στο 3ο δημοτικό Πάτρας', '2017-01-18'),
('bill', '202cb962ac59075b964b07152d234b70', 0, 2, 'photos/bill.jpg', 'bill@hotmail.com', NULL, '2017-01-18'),
('john', '202cb962ac59075b964b07152d234b70', 0, 1, NULL, 'john@hot.com', NULL, '2017-01-18');

--
-- Indexes for dumped tables
--

--
-- Indexes for table `chapter`
--
ALTER TABLE `chapter`
  ADD PRIMARY KEY (`section_number`,`number`),
  ADD KEY `number` (`number`),
  ADD KEY `image` (`image`);

--
-- Indexes for table `friendship`
--
ALTER TABLE `friendship`
  ADD PRIMARY KEY (`user1`,`user2`),
  ADD KEY `user2` (`user2`);

--
-- Indexes for table `friend_request`
--
ALTER TABLE `friend_request`
  ADD PRIMARY KEY (`id`),
  ADD KEY `from_user` (`from_user`),
  ADD KEY `to_user` (`to_user`),
  ADD KEY `from_user_2` (`from_user`),
  ADD KEY `to_user_2` (`to_user`),
  ADD KEY `to_user_3` (`to_user`),
  ADD KEY `notification_id` (`notification_id`),
  ADD KEY `notification_id_2` (`notification_id`);

--
-- Indexes for table `groups`
--
ALTER TABLE `groups`
  ADD PRIMARY KEY (`project_id`,`user`),
  ADD KEY `user` (`user`);

--
-- Indexes for table `group_chat`
--
ALTER TABLE `group_chat`
  ADD PRIMARY KEY (`id`),
  ADD KEY `project_id` (`project_id`),
  ADD KEY `user` (`user`);

--
-- Indexes for table `link`
--
ALTER TABLE `link`
  ADD PRIMARY KEY (`id`),
  ADD KEY `project_id` (`project_id`),
  ADD KEY `user` (`user`);

--
-- Indexes for table `material`
--
ALTER TABLE `material`
  ADD PRIMARY KEY (`path`);

--
-- Indexes for table `message`
--
ALTER TABLE `message`
  ADD PRIMARY KEY (`id`),
  ADD KEY `from_user` (`from_user`),
  ADD KEY `to_user` (`to_user`);

--
-- Indexes for table `notification`
--
ALTER TABLE `notification`
  ADD PRIMARY KEY (`id`),
  ADD KEY `to_user` (`to_user`);

--
-- Indexes for table `project`
--
ALTER TABLE `project`
  ADD PRIMARY KEY (`id`);

--
-- Indexes for table `project_change`
--
ALTER TABLE `project_change`
  ADD PRIMARY KEY (`id`),
  ADD KEY `project_id` (`project_id`),
  ADD KEY `user` (`user`);

--
-- Indexes for table `question_and_answer`
--
ALTER TABLE `question_and_answer`
  ADD PRIMARY KEY (`id`),
  ADD KEY `section_number` (`section_number`);

--
-- Indexes for table `section`
--
ALTER TABLE `section`
  ADD PRIMARY KEY (`number`);

--
-- Indexes for table `source_file`
--
ALTER TABLE `source_file`
  ADD PRIMARY KEY (`id`),
  ADD KEY `project_id` (`project_id`),
  ADD KEY `user` (`user`);

--
-- Indexes for table `test`
--
ALTER TABLE `test`
  ADD PRIMARY KEY (`id`),
  ADD KEY `to_user` (`user`),
  ADD KEY `section` (`section_number`),
  ADD KEY `notification_id` (`notification_id`);

--
-- Indexes for table `user`
--
ALTER TABLE `user`
  ADD PRIMARY KEY (`username`);

--
-- AUTO_INCREMENT for dumped tables
--

--
-- AUTO_INCREMENT for table `friend_request`
--
ALTER TABLE `friend_request`
  MODIFY `id` bigint(20) NOT NULL AUTO_INCREMENT, AUTO_INCREMENT=3;
--
-- AUTO_INCREMENT for table `group_chat`
--
ALTER TABLE `group_chat`
  MODIFY `id` bigint(20) NOT NULL AUTO_INCREMENT, AUTO_INCREMENT=3;
--
-- AUTO_INCREMENT for table `link`
--
ALTER TABLE `link`
  MODIFY `id` bigint(20) NOT NULL AUTO_INCREMENT, AUTO_INCREMENT=3;
--
-- AUTO_INCREMENT for table `message`
--
ALTER TABLE `message`
  MODIFY `id` bigint(20) NOT NULL AUTO_INCREMENT, AUTO_INCREMENT=26;
--
-- AUTO_INCREMENT for table `notification`
--
ALTER TABLE `notification`
  MODIFY `id` bigint(20) NOT NULL AUTO_INCREMENT, AUTO_INCREMENT=11;
--
-- AUTO_INCREMENT for table `project`
--
ALTER TABLE `project`
  MODIFY `id` int(4) NOT NULL AUTO_INCREMENT, AUTO_INCREMENT=3;
--
-- AUTO_INCREMENT for table `project_change`
--
ALTER TABLE `project_change`
  MODIFY `id` bigint(20) NOT NULL AUTO_INCREMENT, AUTO_INCREMENT=2;
--
-- AUTO_INCREMENT for table `question_and_answer`
--
ALTER TABLE `question_and_answer`
  MODIFY `id` int(10) NOT NULL AUTO_INCREMENT, AUTO_INCREMENT=27;
--
-- AUTO_INCREMENT for table `source_file`
--
ALTER TABLE `source_file`
  MODIFY `id` bigint(20) NOT NULL AUTO_INCREMENT, AUTO_INCREMENT=11;
--
-- AUTO_INCREMENT for table `test`
--
ALTER TABLE `test`
  MODIFY `id` bigint(20) NOT NULL AUTO_INCREMENT, AUTO_INCREMENT=4;
--
-- Constraints for dumped tables
--

--
-- Constraints for table `chapter`
--
ALTER TABLE `chapter`
  ADD CONSTRAINT `chapter_ibfk_1` FOREIGN KEY (`section_number`) REFERENCES `section` (`number`) ON DELETE CASCADE ON UPDATE CASCADE,
  ADD CONSTRAINT `chapter_ibfk_2` FOREIGN KEY (`image`) REFERENCES `material` (`path`) ON DELETE SET NULL ON UPDATE CASCADE;

--
-- Constraints for table `friendship`
--
ALTER TABLE `friendship`
  ADD CONSTRAINT `friendship_ibfk_1` FOREIGN KEY (`user1`) REFERENCES `user` (`username`) ON DELETE CASCADE ON UPDATE CASCADE,
  ADD CONSTRAINT `friendship_ibfk_2` FOREIGN KEY (`user2`) REFERENCES `user` (`username`) ON DELETE CASCADE ON UPDATE CASCADE;

--
-- Constraints for table `friend_request`
--
ALTER TABLE `friend_request`
  ADD CONSTRAINT `friend_request_ibfk_1` FOREIGN KEY (`from_user`) REFERENCES `user` (`username`) ON DELETE CASCADE ON UPDATE CASCADE,
  ADD CONSTRAINT `friend_request_ibfk_2` FOREIGN KEY (`to_user`) REFERENCES `user` (`username`) ON DELETE CASCADE ON UPDATE CASCADE,
  ADD CONSTRAINT `friend_request_ibfk_3` FOREIGN KEY (`notification_id`) REFERENCES `notification` (`id`) ON DELETE CASCADE ON UPDATE CASCADE;

--
-- Constraints for table `groups`
--
ALTER TABLE `groups`
  ADD CONSTRAINT `groups_ibfk_1` FOREIGN KEY (`project_id`) REFERENCES `project` (`id`) ON DELETE CASCADE ON UPDATE CASCADE,
  ADD CONSTRAINT `groups_ibfk_2` FOREIGN KEY (`user`) REFERENCES `user` (`username`) ON DELETE CASCADE ON UPDATE CASCADE;

--
-- Constraints for table `group_chat`
--
ALTER TABLE `group_chat`
  ADD CONSTRAINT `group_chat_ibfk_1` FOREIGN KEY (`project_id`) REFERENCES `project` (`id`) ON DELETE CASCADE ON UPDATE CASCADE,
  ADD CONSTRAINT `group_chat_ibfk_2` FOREIGN KEY (`user`) REFERENCES `user` (`username`) ON DELETE CASCADE ON UPDATE CASCADE;

--
-- Constraints for table `link`
--
ALTER TABLE `link`
  ADD CONSTRAINT `link_ibfk_1` FOREIGN KEY (`project_id`) REFERENCES `project` (`id`) ON DELETE CASCADE ON UPDATE CASCADE,
  ADD CONSTRAINT `link_ibfk_2` FOREIGN KEY (`user`) REFERENCES `user` (`username`) ON DELETE CASCADE ON UPDATE CASCADE;

--
-- Constraints for table `message`
--
ALTER TABLE `message`
  ADD CONSTRAINT `message_ibfk_1` FOREIGN KEY (`from_user`) REFERENCES `user` (`username`) ON DELETE CASCADE ON UPDATE CASCADE,
  ADD CONSTRAINT `message_ibfk_2` FOREIGN KEY (`to_user`) REFERENCES `user` (`username`) ON DELETE CASCADE ON UPDATE CASCADE;

--
-- Constraints for table `notification`
--
ALTER TABLE `notification`
  ADD CONSTRAINT `notification_ibfk_1` FOREIGN KEY (`to_user`) REFERENCES `user` (`username`) ON DELETE CASCADE ON UPDATE CASCADE;

--
-- Constraints for table `project_change`
--
ALTER TABLE `project_change`
  ADD CONSTRAINT `project_change_ibfk_1` FOREIGN KEY (`project_id`) REFERENCES `project` (`id`) ON DELETE CASCADE ON UPDATE CASCADE,
  ADD CONSTRAINT `project_change_ibfk_2` FOREIGN KEY (`user`) REFERENCES `user` (`username`) ON DELETE CASCADE ON UPDATE CASCADE;

--
-- Constraints for table `question_and_answer`
--
ALTER TABLE `question_and_answer`
  ADD CONSTRAINT `question_and_answer_ibfk_1` FOREIGN KEY (`section_number`) REFERENCES `section` (`number`) ON DELETE CASCADE ON UPDATE CASCADE;

--
-- Constraints for table `source_file`
--
ALTER TABLE `source_file`
  ADD CONSTRAINT `source_file_ibfk_1` FOREIGN KEY (`project_id`) REFERENCES `project` (`id`) ON DELETE CASCADE ON UPDATE CASCADE,
  ADD CONSTRAINT `source_file_ibfk_2` FOREIGN KEY (`user`) REFERENCES `user` (`username`) ON DELETE CASCADE ON UPDATE CASCADE;

--
-- Constraints for table `test`
--
ALTER TABLE `test`
  ADD CONSTRAINT `test_ibfk_1` FOREIGN KEY (`section_number`) REFERENCES `section` (`number`) ON DELETE CASCADE ON UPDATE CASCADE,
  ADD CONSTRAINT `test_ibfk_2` FOREIGN KEY (`user`) REFERENCES `user` (`username`) ON DELETE CASCADE ON UPDATE CASCADE,
  ADD CONSTRAINT `test_ibfk_3` FOREIGN KEY (`notification_id`) REFERENCES `notification` (`id`) ON DELETE CASCADE ON UPDATE CASCADE;

/*!40101 SET CHARACTER_SET_CLIENT=@OLD_CHARACTER_SET_CLIENT */;
/*!40101 SET CHARACTER_SET_RESULTS=@OLD_CHARACTER_SET_RESULTS */;
/*!40101 SET COLLATION_CONNECTION=@OLD_COLLATION_CONNECTION */;
